,A,B,C,D
2008-08-08,-0.44053168715350716,0.16907178730930408,-1.1238144684090925,2.5866371045997836
2008-08-09,-0.2316538586278819,0.5425803217183015,-1.9071970628956727,2.372349642479044
2008-08-10,1.0112597596237545,1.370140764902613,-2.746119157740348,1.9509790769653024
2008-08-11,1.0628995980888398,1.7894724171313923,-1.9828691009053032,1.5195582763177213
2008-08-12,0.7109945147538888,1.661834396060335,-2.4486878703883437,1.5634618203828843
2008-08-13,1.142749834046378,0.5621284942838012,-2.662409089753623,0.03112679704636201
2008-08-14,2.0984927502751445,2.2943853319020877,-2.693826155490734,-0.05874859608467935
2008-08-15,0.4366968464539809,1.9265186812142017,-2.351448029688355,0.6393495312062414
2008-08-16,-0.4814948290634362,1.9100688800782257,-1.8454318668872522,3.5535930574514625
2008-08-17,-1.1329871392610393,1.912249768908063,-2.779418321475191,3.5747906197533985
2008-08-18,-1.372379304256324,1.0130784204249652,-3.20820896345759,3.1715701786645063
2008-08-19,1.2052530232846033,2.9609364333455384,-4.33373183011398,3.662207521108681
2008-08-20,0.10275875697044912,3.3477997507485613,-4.60063254113664,2.3328674967020055
2008-08-21,-0.17641482576700462,3.074838562409476,-4.435456188876644,3.058233627081108
2008-08-22,0.22025043971673575,3.8086934696943535,-5.972704992150542,4.57635369811026
2008-08-23,0.28288895188983626,3.611485819320478,-5.271972819304933,5.391410383307013
2008-08-24,-0.04468192110088015,2.7186759317329896,-6.079205187522158,5.240539798919793
2008-08-25,-1.010169668414344,2.1277629709762333,-4.694620055448056,5.538276900148072
2008-08-26,-0.8382515440803004,2.567271096791502,-4.815070896397082,5.376648583593375
2008-08-27,0.30006239123823186,2.836871528664137,-4.972590299729116,5.747181348384698
2008-08-28,0.15512172195693766,0.5219673396989024,-5.521365542437589,4.958999807214375
2008-08-29,1.753686462186383,2.040603276407678,-5.372941442235293,4.444397453965226
2008-08-30,1.148501773658758,1.4775786578110237,-5.2249941606978965,4.256203284543579
2008-08-31,-0.017786271706839774,2.197057900375181,-5.664989308727515,3.73698050031138
2008-09-01,0.11393007028556698,1.6828563358389226,-6.547494643996335,4.372305811513757
2008-09-02,0.21771677976847434,2.5854130355500007,-5.475409417842027,2.328453648533108
2008-09-03,1.6242009666043156,3.912616368571563,-5.062161950831281,1.728940343832968
2008-09-04,1.9945278645409532,3.7457790827930086,-5.672364875174966,1.237143416944223
2008-09-05,2.0744074134579527,3.6523328705753424,-6.5248290295065114,1.1218158922867936
2008-09-06,4.711094222644016,3.841924949295497,-5.7613452673006895,2.896425492433478
2008-09-07,4.014410645515671,4.58574981350399,-6.898791655904587,2.715093707540398
2008-09-08,3.6334527724509282,4.5515967257712715,-5.42095572546165,1.3883249252752465
2008-09-09,5.5256415355736594,2.1226013303276483,-3.9828108686504553,2.3878953901630653
2008-09-10,5.766436206783762,1.0448249835004626,-4.832621476275969,3.4707047248564176
2008-09-11,5.2666948148624515,-0.8549199039800939,-5.386205752028056,2.774204839389218
2008-09-12,5.919305003167585,-0.6091314992595267,-5.052027313232283,3.5924894498104862
2008-09-13,7.250636133958223,0.2298698360706951,-5.8445791549058415,4.231713245001901
2008-09-14,9.30056993887354,-0.8321243300465307,-7.073001731951226,4.5387320461999465
2008-09-15,9.54671574188992,-0.6486627786219581,-4.954210162313499,4.676345097526359
2008-09-16,8.77331659639476,0.6445142578678582,-5.227059702749621,3.72409266218601
2008-09-17,9.133443321698557,1.4695307215165692,-5.681157841633899,3.913719311887785
2008-09-18,10.096074684715223,3.8056678142568376,-6.703092140542328,4.724765911164658
2008-09-19,10.443846871252054,2.997007462024687,-6.173909070934909,5.4865568261312845
2008-09-20,10.050482880398462,3.578464937435716,-6.455852761651497,5.585376252823721
2008-09-21,11.337871058808943,3.134257126100643,-7.1012717080784515,5.890621366527607
2008-09-22,12.092076470917561,4.066131038217991,-8.980550315026965,5.918932018361607
2008-09-23,11.797784433196673,4.215414030284102,-7.508776775847144,6.634143234501287
2008-09-24,12.582478496532978,4.691481152984479,-8.372906312483604,6.286092458310778
2008-09-25,13.443404415133296,6.213056173380184,-7.024431104503809,6.198808064580647
2008-09-26,14.589775845935598,6.988053120028915,-7.062098724727023,6.154373813339751
2008-09-27,13.052337751418573,6.7396387003473945,-6.859741248453825,6.574917369224665
2008-09-28,14.779748613084667,6.963089179309011,-7.094211126823286,6.17090744663576
2008-09-29,14.27237170159038,6.1123368349661815,-8.899357781846543,4.665410968305338
2008-09-30,12.73486197817114,7.48078819809751,-9.172207078901728,4.04879830016377
2008-10-01,13.253119831919811,7.908531964944049,-7.366545839971699,4.559497503010057
2008-10-02,13.543345780013308,8.672243162566978,-5.625522214057733,4.851096485601229
2008-10-03,14.255344856644863,8.910880592395838,-5.633352912454217,4.498992417544818
2008-10-04,14.138873606697944,8.785195814003087,-6.139444724910212,4.643970287636674
2008-10-05,13.721241361821496,6.951033516110401,-7.2280890011139896,3.6677983958432367
2008-10-06,13.339024863813432,9.301089697404313,-6.543028124328095,3.4607385121465817
2008-10-07,13.432221538618467,9.786241460876736,-6.149981316767029,0.9551647714070497
2008-10-08,12.752739635629167,10.408124891412202,-6.848920216883481,2.499106557831044
2008-10-09,13.737060428129958,8.704595987116521,-5.71102057873812,2.2002445011343466
2008-10-10,15.172119472059835,8.634884715817034,-5.1933796309765885,3.0283219350484587
2008-10-11,14.89925408141608,9.251447525062261,-6.002385216459583,4.000604143525545
2008-10-12,14.58863911261719,9.257494015159896,-5.118674394104373,5.539154227897378
2008-10-13,15.08425289602493,8.025295407078506,-3.1588876045494003,5.708198978292196
2008-10-14,16.28318231183463,6.465626720842927,-4.140424483510746,4.509940844171858
2008-10-15,16.21571333582997,5.672472217757816,-4.171619415646432,5.708779440141868
2008-10-16,15.16036629919666,5.897077798056605,-4.861547540902042,6.538593713608512
2008-10-17,16.737033495994798,6.690468988074359,-5.312430664620636,7.387196353300423
2008-10-18,17.206535036917902,5.872162787265994,-4.524494018273362,7.477824360450745
2008-10-19,17.57273518553256,6.634190880695264,-3.8052430584880037,8.269991953645516
2008-10-20,19.070538357882732,9.25315280528321,-5.360408644754431,8.59868522258022
2008-10-21,18.990187205213388,7.5698439498881385,-7.3849782883836905,8.329481935815599
2008-10-22,15.903406427537941,7.541197866397388,-7.806496599927845,7.92967689323054
2008-10-23,16.165907807113893,9.81755415642152,-7.615001711085719,6.837244814281545
2008-10-24,14.765340185877676,9.787511315769926,-8.829403310358847,6.374401049633369
2008-10-25,13.884133711018398,9.270142431992811,-9.177680120589617,7.435894800323505
2008-10-26,16.338731402217057,9.09259293811757,-9.20229742726723,6.430760719906252
2008-10-27,15.719211644125965,8.392914449528385,-8.311334452463345,5.859193496387605
2008-10-28,15.68649117069973,8.363150718264572,-9.545742547315346,5.312600612182654
2008-10-29,14.877819322666335,9.22829651140902,-9.859375994851469,3.5736916680546775
2008-10-30,13.645308435302118,9.94455136785181,-9.857678729822473,3.4568680565902863
2008-10-31,13.082842120853337,9.905162627098619,-9.689276001308084,5.1170591621710475
2008-11-01,14.286790922643636,9.615664790195295,-10.851936156939527,4.777032872351259
2008-11-02,13.573423941766482,7.590757336058328,-10.616381421503927,5.334222767215578
2008-11-03,14.511641462594548,6.091144136387028,-11.321052679805813,5.393762208701388
2008-11-04,14.260162983582573,6.985706004844854,-12.31827049435212,4.656334639818997
2008-11-05,14.092460380055744,9.395407052437175,-12.380162121121565,5.867681010223599
2008-11-06,16.535902470833854,9.819004519576596,-12.287311280535896,4.127613649942829
2008-11-07,15.641305613057195,9.082977680091723,-12.759058538982735,3.091046506633549
2008-11-08,14.8829646130555,7.685388637751557,-13.168151930178489,2.0153088098258416
2008-11-09,15.834520343548906,8.645858626835764,-13.259485517768,2.427046009386848
2008-11-10,17.452192035572754,7.497026321347306,-14.243319153391129,1.7319132643156974
2008-11-11,16.749248015223216,10.587648756337241,-12.831791729373256,2.330111873996664
2008-11-12,17.021072185648542,10.045948579706815,-12.739950281281137,0.7438093527750647
2008-11-13,18.839214463423854,8.911391735853897,-14.010916777893959,1.9403586528662167
2008-11-14,18.655846634478113,7.982732606285702,-12.377398446256421,3.338478414266034
2008-11-15,17.952084409033368,6.962248994976163,-12.267095704471712,2.8627829717748434
2008-11-16,19.456464099424096,6.59669467608791,-11.635083640334202,3.1567608906912468
2008-11-17,20.853597431180706,6.71522857261092,-11.145062820838914,4.139656121445179
2008-11-18,20.54434307859389,7.040364128608514,-14.249233637331256,5.0572428342079085
2008-11-19,20.869898323173047,5.919629760093023,-14.511905538315167,5.912495156441617
2008-11-20,20.898524136747067,6.912465460664753,-15.469065638011777,5.058405934202495
2008-11-21,20.784892900714066,6.352840624061866,-16.44644538246255,4.219955433803863
2008-11-22,19.656534687473037,6.204371050775767,-16.090914109634635,3.7760358849245694
2008-11-23,19.4025691473559,5.775770452290963,-16.33556547507154,4.454291784608598
2008-11-24,18.991289766570585,5.4782219061000115,-17.31371677411876,4.027650335381622
2008-11-25,19.22271955202064,5.118873564608435,-18.720179552135008,4.646096474873265
2008-11-26,17.826276519912113,5.220182988487412,-20.610519072850117,5.1414055645029
2008-11-27,18.282046604183954,5.654638308627014,-20.891601465708465,3.1049933603162763
2008-11-28,15.753460615317529,6.354254941442595,-22.64566642923755,3.541940703301422
2008-11-29,15.627341394889205,5.743638953917335,-20.94034512119572,2.6514652220886905
2008-11-30,14.887344897592724,5.950062067901679,-21.607306314594002,2.8807732043852465
2008-12-01,15.796967863905325,5.434682521053169,-20.786660900878534,1.5681115395678975
2008-12-02,16.541884784513122,5.200073446802907,-19.806762911359066,1.7194284188085698
2008-12-03,18.31986171494466,4.665727494311149,-18.27674569893848,2.6413341474148244
2008-12-04,19.290602276793702,5.244415456716006,-17.58646392683085,2.814187373856459
2008-12-05,19.03857998157486,5.142344248691782,-16.52908116079678,3.516041145578011
2008-12-06,18.77241234737135,4.384060873867408,-17.939369099403542,3.689120718370404
2008-12-07,17.802804556134294,3.6670010946611806,-17.660193238259424,4.461780936444432
2008-12-08,17.693324752325744,4.92812705823707,-17.05436951745081,5.430277836796349
2008-12-09,17.222293554045567,3.9802119367029323,-17.44799656036787,4.75811102912366
2008-12-10,17.744923048346216,4.037598245870709,-16.578122850719875,2.6947781813410803
2008-12-11,17.958819998214143,5.13380367210704,-16.524294844439023,3.5834200802537284
2008-12-12,17.877769573536675,4.398966601784884,-15.287533694222747,4.207808542865761
2008-12-13,16.305440771643635,4.325476342240371,-13.58241161965563,3.8061383112444895
2008-12-14,17.297697966691924,3.9640344083662162,-14.492508915633811,2.7667267196260195
2008-12-15,17.556643725655974,3.5985019951605848,-14.921377958806708,2.421489271580247
2008-12-16,16.284123260111794,3.9334766434833193,-13.973140649164572,2.2545545536540006
2008-12-17,17.10160825255093,2.9964033155787204,-14.719570745108918,1.28053618377903
2008-12-18,17.078896860490637,2.9077287340215916,-14.109862785362026,0.14455004007570005
2008-12-19,17.832323599127758,4.461576987942896,-13.778187238364627,-0.24347480234658797
2008-12-20,17.969527296034766,4.607139087996645,-13.996331730438019,0.2251003896052921
2008-12-21,17.484046322030796,6.16012001293708,-11.924867090723826,1.440415856491678
2008-12-22,17.724173220178177,6.152428268794451,-12.329789838414692,2.9555856181001863
2008-12-23,16.85221486491619,7.304956865908958,-15.639948622823137,4.534146746671946
2008-12-24,17.67648945001399,7.510733253079295,-15.336051886661316,4.516317838353554
2008-12-25,17.625420172863272,7.794798413127644,-14.672800329061076,5.129908367778517
2008-12-26,17.69942193501245,6.7764394317119265,-15.351769609520446,5.204540687432631
2008-12-27,18.791609948659843,6.942055003840778,-15.006656992999584,4.0349052895614275
2008-12-28,17.544273358459,6.5323765703915315,-16.339539257562507,4.470606944763744
2008-12-29,18.946299509383326,7.504807762296826,-15.18285895269328,5.364832676348591
2008-12-30,16.420266940607767,8.338627655052722,-16.43069158163617,6.070827016577339
2008-12-31,16.024348048179455,10.061128375664026,-15.526929695100183,6.8840729502651286
2009-01-01,14.766768417808606,10.5451353588861,-17.26058610059439,6.412154086538866
2009-01-02,14.525171187404066,9.881866117448046,-16.768587671750645,6.062126910064762
2009-01-03,15.14428593586525,9.144588619178428,-17.03758124892751,6.671166359397555
2009-01-04,15.903361680512795,10.480167480675266,-17.922059725241407,7.925895863204191
2009-01-05,14.318771500652105,10.286684899933464,-17.869262798600072,9.301154953795749
2009-01-06,13.883397168572118,11.770715428459619,-17.0605404730744,7.867994846000457
2009-01-07,14.97461845763076,12.277821925150407,-17.573568172638605,7.519484829453561
2009-01-08,14.435510356531196,12.853258768797453,-16.49582974062079,7.495129141454093
2009-01-09,13.928928969291414,13.902465444113576,-16.90853461953241,9.503827300802607
2009-01-10,14.492562107578804,14.28056082113931,-15.98664920090221,9.87988381030737
2009-01-11,16.41552543294229,14.84313997586368,-16.522616599368934,9.619824516462671
2009-01-12,15.614208105132436,15.967423615930633,-17.4199310228124,9.849680046186313
2009-01-13,15.193871512025382,15.661531641804237,-18.773308671055183,10.17107662489132
2009-01-14,15.600185984230167,15.295443905930302,-17.753026061670564,10.999832299136248
2009-01-15,14.079259352530864,16.459165041198574,-19.12097814243121,12.704539503145195
2009-01-16,12.585484814799514,15.441892620366435,-21.160886506178826,12.937602514534175
2009-01-17,12.805926049415763,15.821091388594875,-18.67395268421911,12.612093574825657
2009-01-18,11.837081193150635,15.633484054190108,-18.48002222459824,13.426049540004202
2009-01-19,11.421066940518674,16.32653943885854,-17.051961197384017,13.19565565656474
2009-01-20,11.413693562862427,15.78841525640312,-16.87303863660938,14.26472104968358
2009-01-21,10.818405799607133,13.463588247457455,-15.236193681052157,12.416557560259577
2009-01-22,11.390741060753438,12.609965034722304,-15.88066319536858,10.977571248228758
2009-01-23,9.8474415182515,11.654038174777273,-16.32354012328392,11.581939999092993
2009-01-24,10.1909232069047,10.891086803920622,-15.934050200005306,13.13059444941838
2009-01-25,8.899421178215002,10.883668426147805,-16.27701055342003,12.56303856000911
2009-01-26,8.20859073972524,10.763380233677013,-15.631031942862265,10.578023919306917
2009-01-27,7.368538763233861,10.883192468932398,-16.333813735411702,10.37563645358384
2009-01-28,8.054072884138911,9.576939024610802,-16.80740329699057,8.830260507264795
2009-01-29,6.916824994583541,9.049686970770708,-16.459778679043172,7.774657012408508
2009-01-30,7.215388232503788,8.82955258758607,-17.531064676439826,9.61126504559842
2009-01-31,5.5681067921048575,7.336062303139077,-18.440271286395443,8.9864328707976
2009-02-01,4.974572512278444,8.990401394558182,-18.32562316849538,9.657521726250048
2009-02-02,5.899458419552508,9.836620261069122,-18.766453232587434,8.674154715808953
2009-02-03,6.425863833988107,8.066793404460316,-17.951295602631117,8.309294777116262
2009-02-04,7.407458636886902,9.247644895193234,-18.697970149809368,8.162827540162672
2009-02-05,8.586115493459488,10.03500987308158,-20.76515583003391,7.889892501744868
2009-02-06,7.666918684668255,7.808390748760278,-21.30458808467088,9.145245767818297
2009-02-07,7.335045069780764,7.6618289814409835,-22.09397577732566,6.302118317893757
2009-02-08,7.57043880653746,9.023114778199329,-20.834797804014485,5.585110929836607
2009-02-09,6.666624222156199,9.30100662941792,-21.374174785937004,5.809634220994247
2009-02-10,6.249170195547185,9.687428791468514,-22.12650763197277,5.354679651716908
2009-02-11,4.614166477336375,9.410249194894082,-22.88801338770853,4.489173344183186
2009-02-12,4.7649338718314915,10.981767048929518,-23.866173424076898,4.500984638557875
2009-02-13,5.684254157474679,10.22878055912111,-22.480112398154894,5.211432601970804
2009-02-14,5.416420768027708,11.988076742527598,-24.078627102198286,3.7107232469054336
2009-02-15,5.966817382617703,12.433939491642686,-23.539304543200455,6.084219088387547
2009-02-16,6.267466298825134,12.193223539113403,-22.753332500449098,6.663415764275545
2009-02-17,5.251185672592391,11.162486946185442,-22.53843582931197,7.471341507375895
2009-02-18,6.729209424634389,9.191249907214614,-23.91390184983572,8.659739586804209
2009-02-19,6.535281993964815,8.645540700353315,-23.13362056635559,6.874534299924501
2009-02-20,7.3775191412962196,7.630534763581727,-22.064289449365607,7.5681884345415185
2009-02-21,6.666474764820612,7.308537349824401,-22.2921624184491,9.058571019050147
2009-02-22,6.149252809708488,5.390421001406055,-23.692861973273224,7.462713027815626
2009-02-23,6.852127494679738,6.16593620306408,-24.712788152985972,7.4858988285589705
2009-02-24,5.407782213508341,5.624829054247681,-22.97666641669646,8.414861189295053
2009-02-25,4.996491959825389,4.508232339334219,-22.524685511013175,8.213175079913688
2009-02-26,4.7347515465631025,5.216303264976425,-22.463635064223283,6.941634415536107
2009-02-27,4.509946597353307,4.114151953113183,-22.035798242856444,6.683904506771714
2009-02-28,3.677323372332047,6.086635811864876,-21.34791847607732,7.591568702658963
2009-03-01,3.7661308027346587,6.743538286886508,-21.4234467450637,7.712209461601297
2009-03-02,3.3314562366591556,6.04939974108763,-21.837495081409735,7.450213815389938
2009-03-03,3.453740604863055,6.003823237477078,-21.68428675696126,8.080066567475274
2009-03-04,2.6685598845791167,5.958803435480008,-21.32190060014606,7.727582325865369
2009-03-05,0.8055903884132971,5.779461056488223,-20.27761968911834,6.857435131393236
2009-03-06,0.9559509945252525,7.3297192685005665,-20.182476361160543,8.164690753895673
2009-03-07,-0.27468458392534356,8.025915721067447,-22.00690743716245,9.007644345444763
2009-03-08,0.9880116469369771,8.6823551306702,-20.34228998105798,7.874006467656113
2009-03-09,-1.1427258086390588,8.779538706812176,-19.64626424621251,10.036413823849477
2009-03-10,-0.7437225417885424,8.52734018531374,-19.6174996126037,11.803502533092997
2009-03-11,-0.6168069371747282,6.610541911540843,-18.35250893358097,10.668348635974837
2009-03-12,0.0468115353273868,8.077257052695366,-19.29253283082419,9.608411092055219
2009-03-13,0.7742527798005912,6.41742483117446,-20.351896734030024,9.008212101107304
2009-03-14,1.743323217411715,5.940466483273405,-19.432980709051467,9.41894216808196
2009-03-15,3.5868104880488323,6.775006532081138,-18.72616076587648,9.25202083347502
2009-03-16,4.1912465526989084,4.69042665296962,-20.419156460901355,9.227191511373775
2009-03-17,3.914559986622842,4.216265134493559,-21.39712339904603,8.789927272373435
2009-03-18,3.8240069766528912,5.611369301259928,-21.619807145571567,7.793578926255785
2009-03-19,2.6177892094917863,6.39778826947258,-19.95871621404691,7.921724014335838
2009-03-20,1.1940833051295237,6.040741248667459,-19.40178359533295,7.96439415463937
2009-03-21,2.1430903259980876,5.968934478907265,-18.51536269178819,8.820355911118579
2009-03-22,0.7100297652326868,4.748593864638051,-18.714300318399875,8.183940037314956
2009-03-23,-1.247995906082705,5.305303348581453,-18.34863776595519,10.929643872432736
2009-03-24,-0.6684270314058014,5.597821818691026,-18.67667169167114,11.837831752850832
2009-03-25,-1.0924313578732692,6.299917329712214,-18.823877014178528,11.991778623866978
2009-03-26,-0.30218902297370764,7.417504125514917,-19.626304125210794,12.199040042769187
2009-03-27,-0.27338103876193826,7.5547507092468145,-21.714259221009723,13.474465691781502
2009-03-28,-0.670061606169623,6.345662390404101,-22.971975298094687,12.990369923579909
2009-03-29,-1.9483582671578543,6.202829263168261,-22.33312327177446,14.539501284353467
2009-03-30,-3.5441273686698382,6.446345208925712,-23.521981392325053,13.920679501087854
2009-03-31,-4.265255814614953,6.290961433164806,-22.61953490739768,14.42839813322864
2009-04-01,-2.36549474767603,5.116475956270172,-22.931149167317933,14.715970407357615
2009-04-02,-2.6029653696307467,4.257428239202297,-23.597039953366647,15.296686329839606
2009-04-03,-0.7691334096261273,4.033064559191103,-23.3954751684316,14.645941921234817
2009-04-04,-0.3200785570248776,4.4028420696802435,-24.401811845428433,14.108237080825749
2009-04-05,-2.093635651622273,2.460508299938768,-23.23749230405831,14.420782109618163
2009-04-06,-1.2765898653981536,1.8871562696203186,-23.700989682888842,15.637931366988285
2009-04-07,-1.678496473083899,1.474241190767765,-23.76745004417812,15.952927914874925
2009-04-08,-0.6011368155795584,2.7141937154064903,-24.180616816780507,16.31014026840925
2009-04-09,0.28849926630323497,2.2742396203298547,-24.77779764147619,15.748853597306935
2009-04-10,0.5145258656184397,2.4172240530501345,-22.96231711904141,16.96359361860753
2009-04-11,-0.7346025215442344,1.226345783292554,-25.62207791207448,16.712414231472646
2009-04-12,-1.524538077701091,0.19312418154359046,-25.028009979131504,14.362200958376691
2009-04-13,-1.5735118734450355,-0.16670545475513865,-25.414051172978578,14.560874059679982
2009-04-14,0.9711489792113486,0.10061550000265568,-24.955819749051773,14.132077654116292
2009-04-15,-0.925509909783885,0.9688537159911947,-23.64715888763146,14.534212332871467
2009-04-16,-0.7416605524873371,1.718238336033798,-22.421153464792464,13.752450202407744
2009-04-17,-0.006759319178641809,1.9170235200438883,-23.222608713962888,13.897370645181581
2009-04-18,-0.21791205656682916,3.6838056190024595,-21.727598649812123,14.07032710724315
2009-04-19,0.22592054942642276,3.6606300763258646,-21.26416382422885,15.542571614574053
2009-04-20,-0.3108166817304105,4.132090948077176,-21.991541663633335,15.584193619292703
2009-04-21,-0.7719361505919133,4.043597531945095,-22.228781807006357,15.488177484054422
2009-04-22,-0.6459232808072476,3.0432311586788856,-21.15401185018416,15.881026074396035
2009-04-23,0.3140727809192626,3.9366988142836377,-19.637907534111072,15.628210361752902
2009-04-24,0.8356101995887366,3.034522068486789,-21.34299547586353,14.868900055526197
2009-04-25,1.4363699566747319,1.7484845742298625,-20.38662555743216,15.33405014826586
2009-04-26,1.5570959064046141,2.717742989158378,-21.260031956761832,17.45171986806913
2009-04-27,1.0390430507196475,1.8270205067247898,-20.234383546201126,15.511060615403807
2009-04-28,0.6703032040258319,0.5155088195345501,-19.837937497047946,14.655190979299718
2009-04-29,0.41667520584075257,1.2128659587037376,-19.8680568946902,16.59898339900473
2009-04-30,-1.38645595872284,2.5657955178389624,-20.444354648982277,16.897509552677217
2009-05-01,-2.4022093139144998,1.4459370000219183,-19.40793181397133,17.22700248351258
2009-05-02,-3.3051979599441443,1.6281207237193431,-20.206785442456177,18.608312963677623
2009-05-03,-2.584049273716354,2.1328988154722786,-20.90766924736652,18.824878751441304
2009-05-04,-3.324302224313222,1.508283013666004,-22.106380045394225,18.83661806977771
2009-05-05,-4.697177405305673,0.8770561429461933,-21.66441220439329,19.267037656972278
2009-05-06,-5.99618942945646,0.617506799011373,-21.594505649018505,19.800117026031852
2009-05-07,-5.610855164308757,-0.4303580437626602,-19.433581935796834,19.631609980448342
2009-05-08,-6.602184422199505,0.09813704411860968,-19.641154457177947,20.28570631720517
2009-05-09,-7.261292033655237,1.9091512435966518,-19.481280817875074,18.87495365674709
2009-05-10,-7.811160521533773,0.4353888359807292,-18.164091515554453,20.593189240416166
2009-05-11,-8.710222938543868,0.03418881996572448,-19.869722896506804,20.354451374898645
2009-05-12,-8.95612249781526,-1.193943097512858,-18.84999344045233,20.471609474513368
2009-05-13,-8.618050396797946,-0.0458536886334413,-17.779216556501247,20.118385517790987
2009-05-14,-8.562537153812627,-0.9682189316427078,-18.057377288747787,18.66991583569833
2009-05-15,-8.607090862111718,-2.6588312593474908,-17.87803315028878,19.133717937169315
2009-05-16,-7.224138652110541,-2.0041220058147418,-16.890653947517414,19.66032538617937
2009-05-17,-8.471344495415687,-2.5546227796902294,-17.92956569400641,19.81840192348768
2009-05-18,-9.42802171118578,-3.816668105248861,-19.917301042574362,19.936736305486097
2009-05-19,-8.072083322102827,-4.580501836405664,-20.49348290080068,20.142823257576755
2009-05-20,-7.946119037206003,-4.992885345337209,-21.12502353478481,20.9770583783531
2009-05-21,-7.733137008913587,-5.345249271939542,-21.109696151956175,20.89854339395469
2009-05-22,-7.463732021336404,-5.152441275199629,-20.139993208566572,19.903788945385326
2009-05-23,-6.095347133546834,-4.2166865324051255,-20.29459638357756,18.672434999536257
2009-05-24,-7.220390199096755,-4.492725991625749,-20.73151456409405,17.285333219717447
2009-05-25,-8.810743643172852,-5.87577402846386,-19.703647508493763,18.36620078171076
2009-05-26,-8.62651531599823,-6.629647765265808,-20.03005985956587,20.681285783183114
2009-05-27,-8.92491048032706,-5.880404237219637,-20.354042015423335,19.784156919382387
2009-05-28,-8.990914596152093,-6.793879995039011,-21.379043704725483,20.953976235467866
2009-05-29,-10.000103864631605,-7.699015222214929,-22.49221369591373,21.831949656879694
2009-05-30,-11.41158793039894,-8.179921196789302,-21.575029722727134,21.87928821419628
2009-05-31,-10.24984359561889,-7.239356726531353,-20.456238628919717,22.269295062745808
2009-06-01,-9.005210773840062,-8.129106290544112,-20.17139201527018,21.914006470697082
2009-06-02,-9.608619670128157,-6.50320915393797,-21.430298030378694,20.422015571485474
2009-06-03,-10.531250756147283,-5.159346737204423,-22.21418138545925,22.103031630879606
2009-06-04,-11.046250372448746,-2.2670863053295958,-22.92996941535953,22.650519241009647
2009-06-05,-11.182717828561653,-3.070440605422516,-22.26517705033154,21.26292948645043
2009-06-06,-11.337841049865986,-1.663449723800508,-23.654399522596282,21.575884593578646
2009-06-07,-11.949358089971737,-2.0280924639253577,-22.81658041133005,19.986734789665007
2009-06-08,-12.3328853845504,-2.770260950293277,-23.837454637947882,20.42901692741
2009-06-09,-14.324856628018122,-1.4862156257873715,-23.205034991643476,20.583954626686936
2009-06-10,-13.921503103704106,-1.1145857607778382,-23.0962070848944,21.26751826315439
2009-06-11,-14.13204959144896,-3.0624569823220154,-21.841231934483293,21.029837223578184
2009-06-12,-12.91369102441668,-4.746536906338056,-24.30893883245206,21.41007225181351
2009-06-13,-12.289131256736797,-3.9534745631703334,-23.15493651052488,22.404584045760046
2009-06-14,-12.319734390852792,-2.978314311618993,-22.266788689669987,21.420451289230655
2009-06-15,-11.907500357787722,-2.0089932184779093,-22.03517244441489,22.750443387648964
2009-06-16,-11.818551516279815,-0.8153408917573737,-20.11953574469808,20.71134647628706
2009-06-17,-10.86188406179994,0.012546509803887607,-19.68570914095218,20.27697887637262
2009-06-18,-10.6850626800789,-0.5554783444890341,-20.172355995173824,19.947162631462184
2009-06-19,-9.032377877541094,-1.1070477829835637,-18.95405879531978,17.90009632816575
2009-06-20,-8.119051683835924,-0.3291225754257683,-17.59167818677938,19.39380994860517
2009-06-21,-6.681721055551627,0.2604007977517435,-18.130361674615845,18.213871726534176
2009-06-22,-7.471239873892311,0.23399794105724223,-18.786424262660212,19.103015904977013
2009-06-23,-8.053077392462896,0.9828252314211109,-18.109722437179965,19.682279836567446
2009-06-24,-5.904668279331796,-0.022912248652686373,-17.796621329170573,19.660337744323535
2009-06-25,-4.220577640350188,-0.7027063335285996,-17.291099567793367,18.16284429375059
2009-06-26,-5.097277064467667,-0.166600357954528,-16.923015387997054,16.826437803947673
2009-06-27,-4.063386514868446,-1.0037302594177082,-16.920754583170226,17.517086385095407
2009-06-28,-4.487587217654932,0.68053262995987,-15.963022843030428,18.873692699493702
2009-06-29,-4.755043236251775,0.2859186023500024,-16.606671128811016,19.181606525779596
2009-06-30,-4.056468457098816,-0.10235060284317493,-15.624659217813276,18.004448092748653
2009-07-01,-1.775684289840433,-0.386429500636062,-14.02609281821024,19.722465204966248
2009-07-02,-2.9733659941490576,2.299575761550494,-14.367809391149104,19.0793255350522
2009-07-03,-4.195086514365435,2.5480615578323187,-14.872687080008692,18.490215554875054
2009-07-04,-3.4856945932811496,2.217463732199473,-13.86867493310945,19.566944366649658
2009-07-05,-2.9389315751029774,2.816116209633949,-13.226292939118302,18.002324250193343
2009-07-06,-1.9834804199048652,2.8732282940687193,-14.53923700376383,18.02941742076913
2009-07-07,-2.0697558918867762,3.7188319811397523,-16.257796892073937,16.523970325017554
2009-07-08,-2.143577472690174,5.14391543218144,-15.601889424469967,17.35792134249375
2009-07-09,-3.11913980996194,3.5981257931604693,-15.165034728709776,16.639817056222917
2009-07-10,-2.768624782403419,4.782819427498277,-15.622354548231769,16.60497879635448
2009-07-11,-3.2990609481450606,4.1024745237041005,-17.842049272475602,15.619381469229928
2009-07-12,-2.0823963491233957,1.9071787173637613,-16.891197756642395,15.334207214008137
2009-07-13,-3.201315755641325,1.1823019386673632,-17.51416689805495,16.279985744296564
2009-07-14,-3.4251369628583883,1.142224132011461,-17.40630858274864,17.401292490526487
2009-07-15,-4.004431265745681,2.0505369940608955,-17.230985014049622,15.954723495845949
2009-07-16,-4.21727101119945,1.2047525494614733,-17.566643736221682,15.309950795074277
2009-07-17,-5.165926612566733,-0.11889582300266022,-18.792611457490842,14.718202430293887
2009-07-18,-4.218696271782618,-1.899372985220801,-18.828124010002867,15.039904688971228
2009-07-19,-5.687528869155748,-2.4687977811169137,-18.404542391922824,13.960214792180063
2009-07-20,-7.000387549302278,-3.7048147113046057,-16.159941085859806,13.897347261377604
2009-07-21,-6.1766697110806925,-3.4069120219407303,-14.576547429793358,14.19895663282604
2009-07-22,-5.547581956841562,-4.86309066852255,-13.55022990403744,14.338256012722598
2009-07-23,-5.592977508971047,-5.336922199850981,-14.829498694797763,15.625042014210148
2009-07-24,-6.672930842792402,-5.504122586969279,-16.107673982285938,16.429036211640053
2009-07-25,-6.533834005323724,-6.514078774373867,-16.4163391985208,16.88752361290737
2009-07-26,-7.058610506339714,-6.506452920285379,-15.91244781680723,16.902178235884506
2009-07-27,-6.718572555498997,-6.451751907317701,-14.515590103617667,16.008401306177184
2009-07-28,-7.139504123928813,-5.983505588654054,-13.820042631453447,15.661819740883942
2009-07-29,-6.836085325942088,-6.155093570630996,-14.20426004309124,16.215061319950728
2009-07-30,-6.754388584605493,-9.039366551956185,-15.037962240768191,15.955610492256943
2009-07-31,-7.046480416239277,-9.82909371853071,-14.186084065426327,15.011939257807457
2009-08-01,-7.769109999014441,-10.59155067500611,-14.8056220101209,14.439223695971318
2009-08-02,-7.4808681181897905,-9.921483646264573,-15.566004863908164,13.960071696062398
2009-08-03,-9.841786104912641,-10.230876917041778,-15.629982455606592,13.319157662783383
2009-08-04,-8.689148079395547,-10.018974208541545,-13.832719489158436,12.96780465302674
2009-08-05,-8.733393353425194,-10.585245792549923,-15.48327749634242,14.140201649155347
2009-08-06,-7.877512548531163,-8.943217430678805,-15.946042335197049,14.069457230027359
2009-08-07,-9.309215021198131,-8.835883459267224,-16.35410723713023,14.099881282444972
2009-08-08,-9.931610440169068,-8.614283523771698,-17.330747727089506,13.720545106082746
2009-08-09,-11.072886738258017,-10.11413122816846,-16.69699499846644,14.26615570275706
2009-08-10,-11.058162099415753,-10.340427233023238,-18.137813798751203,13.968931604205327
2009-08-11,-11.701629107027854,-10.207566609369868,-18.327267892306093,14.63866585883552
2009-08-12,-11.946371606179543,-9.444092378615371,-19.0131252792527,15.300453975311731
2009-08-13,-11.085727272546034,-11.532062203850552,-20.082723723594487,15.803064695895175
2009-08-14,-10.574784378062644,-10.540140398440542,-19.78596456794476,16.292849127369106
2009-08-15,-9.699264436012795,-12.133447312061822,-18.133237352487427,17.232580174503187
2009-08-16,-8.974582421095898,-11.41529711812782,-16.651047933403678,17.413550377903757
2009-08-17,-8.613540513649186,-11.577290339833366,-17.768467613808713,18.42405950939971
2009-08-18,-9.372460602795655,-12.061882516435055,-18.455006670112933,16.485957276748046
2009-08-19,-9.181407170060506,-11.702458917491626,-16.878024855861632,15.89253859639427
2009-08-20,-8.47512074278624,-8.553568184120497,-17.150725251265104,16.219602492063228
2009-08-21,-7.97173367799416,-8.257853942928566,-17.75161119465335,17.104201749864625
2009-08-22,-8.151546581333582,-7.716796144987146,-17.500009026127074,15.421251059734875
2009-08-23,-8.303190082146255,-8.815934896337385,-18.426344875937428,15.931564374752702
2009-08-24,-8.276475696903065,-7.959292047128726,-18.871073962556864,15.705198119289689
2009-08-25,-7.580027165359544,-8.295680536334402,-17.844795967026585,14.484989947866495
2009-08-26,-8.085032847731181,-6.952819691300633,-18.264498919256035,14.665435986629898
2009-08-27,-7.891946627340378,-7.850963067320744,-17.92341504109935,15.142853362768701
2009-08-28,-7.422714417147832,-8.598563242330671,-18.556783162738967,14.895568477377354
2009-08-29,-6.182661931779467,-8.38228494934576,-18.781744647886228,15.078890198802021
2009-08-30,-5.501537769271185,-8.422770581703254,-18.7867834909551,15.938720766660941
2009-08-31,-3.643855361440293,-8.035107124379746,-19.61495990479978,16.299911919410697
2009-09-01,-3.3898183831950703,-8.451948894558988,-21.344092793827517,15.37405559860584
2009-09-02,-3.960687268066898,-7.287689483005672,-21.874801463899892,13.172793904347422
2009-09-03,-4.539197863657117,-5.913726834862148,-22.596275273416417,14.241655633163235
2009-09-04,-2.7541732444038596,-7.310317556366631,-22.145641203436753,15.191795178031269
2009-09-05,-3.1370472367632045,-8.526643452844118,-22.256121337462353,16.206084482776337
2009-09-06,-2.892712324409806,-6.4253066509273,-22.87521151992312,15.700328121688809
2009-09-07,-2.969927393818642,-5.906361847428437,-21.904015896984813,16.842523717651495
2009-09-08,-2.632649267537872,-7.047798558922756,-22.353753766344465,18.035862247132965
2009-09-09,-3.80108822848854,-7.743360827225263,-22.353320192388725,18.13975521375079
2009-09-10,-2.3091906602579932,-7.246608410018319,-23.16734239983336,17.721993313164447
2009-09-11,-2.813584965578468,-6.614338197913126,-20.85792396118209,18.091525400781773
2009-09-12,-3.5789057590882507,-7.245639237448236,-21.048767274805925,18.96224473643252
2009-09-13,-2.8751971736784747,-6.033318056659249,-20.572732786991406,20.14642511154123
2009-09-14,-1.6786902116571416,-6.320018640665087,-21.167702721742984,20.393854968692562
2009-09-15,-1.6089218599282096,-6.543110213854409,-21.12393002238718,21.625233290974183
2009-09-16,-2.807040906461903,-5.952772598538015,-19.878182382768127,23.089148882997126
2009-09-17,-2.077192099360757,-5.03978078797132,-20.09910578028476,21.269816196044356
2009-09-18,-2.4958205149100956,-6.253259718962237,-18.81977472615513,20.845491842148746
2009-09-19,-3.021499972933789,-6.24397679878369,-20.63748950038915,20.929303559835272
2009-09-20,-1.7469013806273814,-6.560815234314941,-20.335489881484012,19.396023197935133
2009-09-21,-2.323001110860187,-7.992194912971002,-19.423410425964786,18.397294044303695
2009-09-22,-2.117590045636246,-6.717987820533799,-18.77839270079311,17.383696197326042
2009-09-23,-1.9276191961905025,-7.545415464977822,-18.6519383283295,18.5691323931876
2009-09-24,-2.583784444480413,-7.525904816563844,-17.876062234659077,18.601459223689783
2009-09-25,-3.5494680307977524,-9.989610571638893,-16.432268093561273,18.749863062276326
2009-09-26,-4.99811571954676,-10.577655243010664,-17.270723330276095,17.965858188527154
2009-09-27,-5.612937884375318,-11.610441104210249,-16.867781379253554,18.468787773310577
2009-09-28,-4.982305319716689,-13.236419816536245,-16.21957287833491,18.38729799550811
2009-09-29,-6.45749873613409,-12.777366052310104,-17.60427211209947,19.351802912716145
2009-09-30,-6.584431091139556,-13.999282398269019,-18.601498085914294,21.190512644562794
2009-10-01,-6.6641485523392925,-13.461814008498605,-19.597367948370344,21.01578788165885
2009-10-02,-5.164032955018642,-15.594591929889775,-19.435166161717838,21.898383270600014
2009-10-03,-3.4352348257091823,-15.904132206505844,-19.319428973079326,20.63711926072097
2009-10-04,-2.3605812915182267,-14.673641766591237,-18.428395365033495,20.101632204654056
2009-10-05,-2.183411930388714,-14.14185032166882,-17.278287336753856,19.303171600052547
2009-10-06,-1.299147611172158,-15.05066493946237,-17.17109700820916,18.131505507282117
2009-10-07,-2.4095489614736865,-13.564989576247447,-16.791878769580222,19.800430615138822
2009-10-08,-2.4411902795766918,-14.010327580097046,-16.313889765869238,20.61686251622422
2009-10-09,-2.4077588296107146,-16.433441167304494,-17.663053694374693,20.015959798776468
2009-10-10,-1.4870329961993396,-16.391389058757134,-18.271893484680284,21.13558872504493
2009-10-11,-2.7590011938514936,-17.281708581012552,-17.485726434628468,20.79937089683067
2009-10-12,-3.9046920974817594,-17.48372391774884,-20.508649902524617,20.319534831236815
2009-10-13,-1.9661138169124708,-16.97162935327874,-20.266320301636714,21.32511445557092
2009-10-14,-2.2891915395676397,-16.75936287426741,-20.15706916423925,23.804433564378723
2009-10-15,-0.6531621333326174,-16.481354109123536,-20.25202802129275,23.896016858889134
2009-10-16,0.21275716021130386,-15.874034406525533,-19.404192435704893,22.458623415676115
2009-10-17,-0.10026935056951297,-15.391214443718484,-17.920950696836243,23.200855755568906
2009-10-18,0.8207351180579157,-17.192192338546707,-19.012048485361362,23.03165651993108
2009-10-19,0.3451583813756268,-16.40456648598027,-18.670508342773076,23.284182551380884
2009-10-20,1.716706370979019,-16.059255217858045,-19.432119805463326,24.91531066962869
2009-10-21,2.3247587051355953,-16.62507426451651,-18.50003322232575,25.318633646834623
2009-10-22,1.2099757287251351,-16.287406426883546,-19.146910690778657,24.506672229742755
2009-10-23,1.833232676706658,-16.360652044875593,-18.045424038163603,25.72991146779934
2009-10-24,2.8108086189838657,-18.362383116639563,-18.842696391050925,26.32897223517844
2009-10-25,1.3232912545417086,-17.360437709291183,-20.78586811590351,26.88374638861674
2009-10-26,2.357654841367843,-17.863362974638772,-21.46236458342315,29.54252945294002
2009-10-27,2.242552755133936,-17.706819659768815,-19.138406949311403,26.81764703604451
2009-10-28,0.8940500274734116,-17.553325995878506,-18.490534268324346,25.76019718341912
2009-10-29,0.20410156224312725,-18.16126627433674,-19.367484496913644,25.79077553010059
2009-10-30,0.7561305194436655,-17.725378777439857,-18.49825296565023,26.289574625078917
2009-10-31,2.0098674402979193,-18.706191496145173,-17.052259221614783,26.184192638288547
2009-11-01,2.0378757409584263,-18.07434276328518,-16.958350463044283,27.23133072037067
2009-11-02,2.0010864732237716,-17.70362144064695,-16.968274606962368,28.85302615578342
2009-11-03,3.398584229917739,-16.75970941965465,-16.343241902491616,29.29882467863033
2009-11-04,4.421349934940964,-15.310593459007121,-15.829036817603086,30.35405650212303
2009-11-05,4.1476126734738905,-15.122929771331808,-16.73354955241477,30.399128606026522
2009-11-06,4.8640940306482445,-14.214489767104558,-17.399201724495985,31.21267726856581
2009-11-07,6.947181162238202,-15.044712176143907,-16.545615009171968,31.823159117056793
2009-11-08,7.092173354646339,-15.011524662763948,-15.373461319960798,31.53315345855625
2009-11-09,6.391238517321695,-14.524999740354854,-13.726868872749513,31.400894209286555
2009-11-10,7.876962924867812,-15.434556647303632,-13.562741491953096,31.835938604236777
2009-11-11,8.542000513381867,-15.169453548473966,-12.458692527863661,33.26396892303816
2009-11-12,9.731010984572883,-14.946022960967078,-11.63896740680541,32.12147887173995
2009-11-13,8.605360484841988,-16.287482804148926,-11.238006014613516,32.28541654033055
2009-11-14,8.111220920256843,-15.963117972788481,-11.939286734533232,32.753756548478044
2009-11-15,8.739256790106138,-15.919420319162597,-12.001787533261687,31.00363701498104
2009-11-16,9.729807044299298,-15.871270099636373,-12.123495347304978,31.727186457180125
2009-11-17,9.374796218912568,-14.793957079466843,-12.51753043952402,34.458860017648576
2009-11-18,9.666572456053041,-13.40348440584703,-11.375826240121182,35.99801975491735
2009-11-19,8.594591430202593,-13.841308291070035,-11.507218342622904,34.898757337098075
2009-11-20,8.485135965517028,-13.995951934655965,-13.008796511338822,34.92961238957665
2009-11-21,7.1661536211391805,-14.104324778838283,-12.618627574791413,35.352016456351045
2009-11-22,6.921395052933743,-13.521335804293543,-11.178794483385579,35.13476378607761
2009-11-23,8.016605237522445,-12.71190675518411,-10.67068986973664,35.0435370418526
2009-11-24,7.139053802551889,-13.109468623530857,-10.898792122938026,34.43419652768451
2009-11-25,9.193213330823735,-13.193827207405324,-9.789336538728564,34.39525280843132
2009-11-26,8.724423536685865,-13.01584446931648,-10.791401372988503,33.430909626817645
2009-11-27,7.923968263118235,-13.13967082441599,-11.561779962192828,33.88236886573323
2009-11-28,9.559184569079164,-11.814123469477924,-11.790124279054192,34.48140742447707
2009-11-29,8.537956324374312,-12.767929507747475,-9.751587166015055,33.49796715406009
2009-11-30,8.461181848471444,-12.547200616369995,-10.603354464568019,32.392006608921655
2009-12-01,9.198539944200878,-11.689040561769001,-10.909205848312272,31.826247183858786
2009-12-02,9.188387289475529,-11.500965382754769,-11.864677813683215,32.6068404721152
2009-12-03,8.869875858452406,-12.341240323489206,-10.362179083057207,32.896311239957384
2009-12-04,9.143851608986873,-11.883509634268826,-10.417195765634204,32.770402278633
2009-12-05,7.5015138363022675,-11.407464896116691,-12.563131160580225,31.998904894913217
2009-12-06,7.731904395013621,-10.071104256767295,-14.243558439595908,32.4402455871082
2009-12-07,6.942127734252855,-8.822176209868987,-15.16043023390258,31.716213364915273
2009-12-08,6.84371012887952,-9.512402915464834,-14.218836275775203,30.965052362517
2009-12-09,7.131016796404014,-9.471275717074644,-13.783744533479952,31.902142655828907
2009-12-10,7.486334978465768,-9.779967325735022,-12.630365604693068,33.32106451136682
2009-12-11,8.2229063709269,-8.992174334298488,-12.849691265954792,33.48751980846078
2009-12-12,8.148736220816836,-7.573814977099952,-12.250578244168947,36.12693788800996
2009-12-13,9.942888875782721,-8.80351566937211,-13.333619743678392,35.41268462119086
2009-12-14,10.863863597646098,-10.804628350587208,-12.500153993461318,36.09000318960878
2009-12-15,12.158629059941699,-10.191435895439465,-12.007787607276649,35.8194968740565
2009-12-16,11.404678624183013,-10.407449029367097,-10.737018398632802,34.14775918811841
2009-12-17,10.109940832502751,-10.45201883538206,-11.271946143076828,33.407662325261214
2009-12-18,10.903504845388312,-11.354929411994739,-10.675171238637908,32.572046285884824
2009-12-19,9.983486138053292,-10.691589275356488,-9.74034646110732,33.51031432825132
2009-12-20,8.357360841271475,-9.551413095079429,-10.33270992216719,33.66685549296698
2009-12-21,6.629374459995999,-10.506243956651726,-10.630050577421144,32.18301724610108
2009-12-22,5.874537786378509,-11.38265637069459,-10.123752961744184,32.824702463277035
2009-12-23,5.914416412049519,-11.653770310120237,-10.182361236056385,32.79319236553196
2009-12-24,7.68397822767076,-10.264789410364745,-9.842298955530097,32.159725049345276
2009-12-25,6.236586928541116,-10.583624078690653,-8.406939214238983,33.01494214263237
2009-12-26,7.736396806870177,-9.478326939909138,-8.289663403891774,34.194073146556164
2009-12-27,9.440546261197087,-10.629642734664888,-9.939053035854993,34.677929335773115
2009-12-28,7.118281368429448,-11.631213194299033,-9.835883299869517,33.92183243914988
2009-12-29,8.240413637714148,-12.966383418163431,-12.554647671093113,34.64832483055564
2009-12-30,9.000969285705516,-11.624321303902029,-11.410539912869,33.77770967670208
2009-12-31,10.484554895928964,-11.50408098086347,-10.677753410107897,33.805898450385925
2010-01-01,11.020079263130977,-10.810671543356687,-11.663431323884554,34.33573041369495
2010-01-02,11.451387152771028,-10.44913675577317,-11.29150944182114,35.754728566498386
2010-01-03,10.129419447548862,-9.460801036316404,-12.953395110488952,36.76253929651219
2010-01-04,9.064559777684957,-10.514266089446043,-12.37163344602521,36.802583557737066
2010-01-05,7.656682175890774,-11.045933798765775,-12.502330873623055,36.24961684863454
2010-01-06,7.85970328696661,-10.29071624767719,-14.172212513714678,36.44895095687557
2010-01-07,6.338994576091521,-11.280873283072761,-14.500171574350821,34.992007046279326
2010-01-08,6.481399210202719,-11.68921705709176,-15.266928328744758,34.780859381325314
2010-01-09,7.036700192189662,-11.888364461649145,-13.18222794748614,37.735649133591664
2010-01-10,6.456419020164255,-13.660604735429125,-11.504090097879075,36.892013304363005
2010-01-11,5.626160585406706,-14.003551792779373,-10.5062752962773,36.91072211022535
2010-01-12,5.859735352331497,-13.971062437456627,-10.307289949379312,37.11422314711823
2010-01-13,5.614713110707824,-14.595293307318256,-10.122424252294701,38.41546125441606
2010-01-14,4.850472012881067,-16.844556543865174,-9.80081036891364,37.01908332955629
2010-01-15,4.100143148210233,-16.02937768693117,-10.360087584049863,35.47246941601959
2010-01-16,4.277444012499897,-18.03014724873129,-8.450071411688988,34.378463847007765
2010-01-17,1.9853988112037246,-16.782046729939267,-8.363500209267096,32.99585936134378
2010-01-18,0.0263282348326912,-17.31881669676043,-8.29722154403422,32.63228617207047
2010-01-19,0.8888267931183457,-18.286516530058126,-9.884766466302645,30.892669043272317
2010-01-20,0.8369483879234131,-17.713407583818217,-10.021007853682079,30.404966100660594
2010-01-21,2.6488032260687797,-17.336187346146655,-10.785435783441987,31.272310515100244
2010-01-22,2.0606041534722896,-17.17786165929289,-10.561262987591016,32.21401854228579
2010-01-23,2.160211706234832,-17.385241984502716,-9.626666029109195,32.37215082775876
2010-01-24,1.0574609501842944,-16.026942924746713,-7.336014133776103,33.02501555261179
2010-01-25,1.1312631357487462,-17.309438933319488,-7.598864808508511,33.12864588202002
2010-01-26,-0.20200634916042826,-17.486440449858343,-7.503471210094536,32.29145034353228
2010-01-27,-1.337479822937249,-19.09309294510127,-8.244404428027451,31.899566513647112
2010-01-28,-1.8586142492016586,-19.792328177007136,-7.7042195212884375,33.50354029501723
2010-01-29,-2.300735299096246,-20.73128311624642,-7.830746993799577,33.12553056618043
2010-01-30,-1.172196327418883,-19.984801978499995,-6.646084341883587,35.00420676786295
2010-01-31,-0.9520231558490977,-20.01571983827612,-6.194691785021957,34.110632895322524
2010-02-01,-0.8986244673016827,-19.881809550962938,-4.50402949643821,34.26144489616574
2010-02-02,-0.43638941279762666,-19.118945618021325,-3.4044463208651985,35.032022146478596
2010-02-03,-0.7990868609256958,-19.62274329379669,-4.182194917905131,33.96361370064228
2010-02-04,-2.1984218494733603,-20.151903275185617,-5.9288015244194,34.33271134363465
2010-02-05,-4.2559973640804385,-20.45730532783046,-4.8378137082401595,33.467552998323825
2010-02-06,-3.513976320198535,-18.870294920959772,-5.879071953881998,33.39753376442013
2010-02-07,-2.3523786692852324,-18.42500874454907,-6.211906100701864,34.23047262112424
2010-02-08,-1.9577580655593134,-18.124820351858816,-6.399491197269787,35.84456727106098
2010-02-09,0.6827923735925403,-18.853505347383276,-6.245629579144235,37.14068307006827
2010-02-10,0.5330092289960137,-17.091175851559964,-6.655322585098772,36.642885256644036
2010-02-11,-0.6716978450466634,-15.147169626887738,-6.665412583951927,38.1242571307774
2010-02-12,-1.8182549486377013,-15.444765802959422,-5.797749309821595,40.81125646292612
2010-02-13,-0.1686711639535159,-16.12942232568473,-5.238947771244139,38.94586094910097
2010-02-14,-0.03909944597402504,-18.090704857990552,-6.035889719099309,38.538702243378914
2010-02-15,0.7270404004386449,-18.761068702649478,-5.441173769665597,37.843396450697114
2010-02-16,0.2678896500082683,-19.748340659603922,-5.23184430282955,39.55017807883283
2010-02-17,-0.364752984072582,-19.27110374678328,-5.566267594852949,37.82178065037535
2010-02-18,0.712163100439166,-18.830866653163707,-3.3925545301046935,36.133435003746996
2010-02-19,-1.630034039749914,-20.454916323872343,-3.630156482171264,36.280831389363705
2010-02-20,-0.5726143676971722,-19.94092214831558,-2.785986256055943,36.18460972207008
2010-02-21,-1.306748706907047,-19.773247193591946,-2.6866644661270502,35.89288844772512
2010-02-22,-0.3754105190878858,-20.05772820947285,-3.424939351226003,35.58982529901459
2010-02-23,0.16448985811608985,-18.378331122883875,-3.8859043333676664,33.67831651802093
2010-02-24,-0.11790476318751947,-17.86772708009013,-3.3173357411402167,34.316073142727646
2010-02-25,0.8107720668343679,-17.607658505183114,-2.6117833298538384,33.95831316847401
2010-02-26,1.8156177134079874,-18.13436229521584,-1.6219123952681689,35.296416742741826
2010-02-27,-0.11082722298889469,-17.897908826144487,-1.935209449957845,35.876987200929634
2010-02-28,0.18764099833595982,-16.529010693434774,1.537851452942071,34.20445258931047
2010-03-01,-0.20751195578197784,-15.688578165209515,0.9660319023766594,33.626514980377586
2010-03-02,-0.49435557966363913,-15.448041874841687,1.8316344982129034,32.257165691681486
2010-03-03,-0.8351779349438013,-14.194081743756742,2.9795786120288765,33.470120212987936
2010-03-04,-1.6998463349623851,-12.99243009115214,4.077438038800249,33.40025501682793
2010-03-05,-2.7763425536164563,-13.054037009517417,4.539373964108998,32.60958310153423
2010-03-06,-3.36564089921494,-12.47841664475303,2.9214231245592184,31.49414576213332
2010-03-07,-4.320477325818903,-12.817746415354387,1.029314576518822,31.419727077231514
2010-03-08,-6.176756347382134,-11.722634143112973,1.157195132724612,32.193656781235624
2010-03-09,-5.39830154589614,-12.165674898902086,1.6655617809403118,33.094223976508964
2010-03-10,-6.408232555062082,-11.6081095632719,0.7315497211003588,33.436238650329656
2010-03-11,-4.9240294590888025,-11.713372189744925,0.17092815551605234,31.105827608119235
2010-03-12,-3.8438013215903686,-11.855451515381153,0.6092289069089749,30.641088174241844
2010-03-13,-3.0246694726046908,-12.432343463101635,1.6376890013903818,31.46966993834783
2010-03-14,-3.8037719603398563,-12.521863283817193,0.08210929331779915,31.861326526136406
2010-03-15,-3.8100414040542665,-10.352086695132847,1.534126774916144,31.403476398746385
2010-03-16,-2.3428554098522874,-8.405858808478094,1.6241803982754908,31.626555306299124
2010-03-17,-2.472617243359513,-5.479385838111455,0.9837172722636001,30.831295241488654
2010-03-18,-1.987701553068765,-4.896699430141273,1.307330436720664,31.165567578435827
2010-03-19,-1.5369222868715056,-4.595741810740794,2.093073728894797,33.37448336199786
2010-03-20,-2.5092265287611477,-2.6271558740225416,1.2619596269766868,31.762521035263074
2010-03-21,-1.6701261182743332,-4.648243180557188,2.729417955342523,30.782840629072943
2010-03-22,-3.3787966479776137,-5.088971486666414,2.708952538001283,31.198736013480115
2010-03-23,-2.8236360087311705,-6.139761859699938,2.232864094670962,31.520939617949786
2010-03-24,-2.0685591778848087,-5.730387173322966,2.56132931676122,30.185404530800554
2010-03-25,-1.9275428884390027,-6.8524090626322,2.9609216891310735,30.668054932868902
2010-03-26,-2.9260127761207424,-6.9024732307750885,1.2903070218145145,31.399844338426313
2010-03-27,-1.9229364981354984,-6.942703073901518,1.2300653176699337,33.15723027750409
2010-03-28,-2.992284905828127,-6.337437783136787,-0.5657650887776191,33.150110822084066
2010-03-29,-4.6569965002725935,-7.255841666490765,-0.6780490105556436,32.929072295511524
2010-03-30,-3.7109181668797957,-8.165665257245525,-1.8194622625644548,32.0800733808668
2010-03-31,-5.449233922330017,-8.164150508141747,-2.384010543210634,33.2872778378373
2010-04-01,-3.6478379950703035,-9.134180638943747,-2.2329016200349865,34.31384533815712
2010-04-02,-2.706651239393696,-7.842108844671255,-3.2497302550291796,33.590275124277916
2010-04-03,-2.1584514911310837,-6.8123326843708725,-3.867152317020822,34.46901996217435
2010-04-04,-3.043068727229014,-5.930473722745968,-3.4854634148201544,33.18402341606547
2010-04-05,-3.940189781428267,-3.8165605892644963,-3.1555976462957527,33.79886817047092
2010-04-06,-4.608869847215089,-4.875662498474277,-2.135365189400191,33.197396401577954
2010-04-07,-5.272147902124155,-6.2982405067914256,-0.3201816756670337,32.45381041344051
2010-04-08,-5.1433930975765385,-6.061527551564291,0.5023192987988122,31.972024088504995
2010-04-09,-7.360606067440566,-5.720565721822347,0.609663952448006,32.20826428357987
2010-04-10,-7.330921001062317,-5.262064256045879,0.8504928210718117,33.030213286233845
2010-04-11,-7.824241366707306,-5.444937879338069,-0.24006230889651237,34.25029689633272
2010-04-12,-8.3727825554299,-4.370570124052095,-1.1877417377366077,34.88182714441769
2010-04-13,-8.536413580725114,-5.467543946124782,-3.6262403375750236,35.105870186856265
2010-04-14,-9.558514522698024,-5.049769973009529,-4.25511251583048,34.88690052762367
2010-04-15,-9.200916036642736,-5.126040361127726,-5.248350486816014,34.40548136844981
2010-04-16,-9.291352162114901,-4.622390699707591,-5.189422200845185,34.36646654861608
2010-04-17,-9.532903766216366,-3.34366104547781,-5.1910812557388155,34.46624462346227
2010-04-18,-10.089777919668538,-5.241244585626408,-4.58697098011564,33.825930406799834
2010-04-19,-11.447387773567963,-4.095115228217956,-5.651929233807612,33.06784469970836
2010-04-20,-11.731594435545684,-3.122863174745324,-4.37352550230155,32.61910049947555
2010-04-21,-11.108880742328777,-1.578290621495257,-3.8088938594133364,34.054956448948886
2010-04-22,-12.02464758920094,-1.320386300311011,-4.798139233122375,35.365780154132324
2010-04-23,-11.37277296574091,-1.5860410391392683,-4.4993091707908075,34.9234370102362
2010-04-24,-10.937901388685189,-3.057497153830048,-3.7780776174461392,34.72693883433915
2010-04-25,-10.813396142141285,-1.3042237601981659,-3.9086135748260036,33.39293097613629
2010-04-26,-11.927731492988148,-1.4846955546560185,-2.3163187776243594,34.400791334451654
2010-04-27,-12.7682621602856,-1.4174419886099885,-2.417773368732807,36.22134939060489
2010-04-28,-12.790269123003851,-1.7228433138664703,-0.38683921579141467,37.612895331684236
2010-04-29,-12.945964594503055,-0.38823754316202463,1.5796200246744287,37.63259602819988
2010-04-30,-12.401237075806444,-0.2704043669565371,1.180284953673185,37.48943618397194
2010-05-01,-12.189934900550629,0.000890369061416707,0.7874104156332874,37.75671015654181
2010-05-02,-10.972136106661212,-0.10607816822621734,0.7156066273461237,38.70766077020554
2010-05-03,-11.201201176576536,1.0146670387546655,2.3693882195755505,39.37156613473056
2010-05-04,-9.010479383328896,1.5553354190209394,2.151951141622428,38.85791961007948
2010-05-05,-9.284523631466076,0.96904758173002,2.5435568551370906,38.70289925621548
2010-05-06,-10.97930105639491,1.4197499253050867,1.3645778345575295,38.72473176859358
2010-05-07,-10.204541354200583,2.2452338969350194,1.80143793120039,36.28650210328088
2010-05-08,-10.069246041482183,2.1488073308909916,1.3055569488087229,35.839681665534066
2010-05-09,-10.290500696375853,3.149848840093272,2.185618524543177,37.971715412221855
2010-05-10,-8.966427950272017,3.970579498697897,1.7160656404640307,38.00195940799253
2010-05-11,-8.875740058997621,4.141037069007678,0.5562472622501415,39.38335252803211
2010-05-12,-9.845938032847934,3.7337709098217466,0.3947226441641482,41.24932837878443
2010-05-13,-10.56449988762939,4.770519467265125,0.8906179882674539,41.462625517388965
2010-05-14,-13.028182135550741,6.428362278893961,0.7125886519228843,41.05004186707068
2010-05-15,-13.962990823778247,5.984969642834688,-1.2984768501516948,40.86453517723074
2010-05-16,-14.774290930640595,6.636865662282838,-3.010191252983381,41.5472746633055
2010-05-17,-14.510267983098565,6.98115618169447,-0.7589428951062804,43.49894077109901
2010-05-18,-14.41008228963341,7.232537356632425,-0.9250914362570086,44.751798524747294
2010-05-19,-14.80789689650998,6.854011653521967,-0.8727336810622165,42.677857741961404
2010-05-20,-14.321341451889374,8.058974103534865,-0.3174491624550859,43.443496407702185
2010-05-21,-12.073115377830906,10.287954317811165,0.5700305163412647,45.00460300006394
2010-05-22,-11.563187947914463,9.07318638896781,0.43199999318173005,47.192817509573906
2010-05-23,-13.855559987499769,8.837028688217869,0.04517805131280711,47.518895053379744
2010-05-24,-13.788145271844707,8.045183626080142,1.9108536705129182,45.924035924746505
2010-05-25,-11.828494534078798,9.692994408202786,2.0154665472553552,45.84705210030482
2010-05-26,-12.08813520704225,9.527601766807146,2.7993270257283522,44.56745635207001
2010-05-27,-12.785026647061214,10.609711466105137,0.847132607805817,47.05690015468009
2010-05-28,-12.958014295812747,9.52553967783602,-0.92456629828586,46.68855937992242
2010-05-29,-12.886444581872151,7.313693225524496,-3.161043235806709,46.586775577087515
2010-05-30,-12.088873907324057,8.051473328776593,-2.1412418337034187,44.3065663376354
2010-05-31,-12.598320162286578,8.027795359479812,-0.8558836745865466,44.55527185263069
2010-06-01,-12.05690673199506,8.381364912724578,0.0489530634799884,44.005062170168266
2010-06-02,-13.144426825812765,7.816685436719334,-0.26229018250556313,44.85750516598463
2010-06-03,-12.90209387494222,8.724356882970227,-0.6004579404385368,45.586661420933666
2010-06-04,-12.590521416450166,8.189736165029656,0.5476727337962766,44.196261629952964
2010-06-05,-12.817811575590241,8.698711624748135,0.8027357664852469,45.59357423731276
2010-06-06,-13.376439304187656,5.73693680130866,0.20179164110273995,45.72681459970474
2010-06-07,-13.56645421702614,4.823956717823366,-0.4834453779013549,46.54311245498164
2010-06-08,-13.427488558368667,4.56429765876647,-1.2844479360941823,47.650268593084256
2010-06-09,-14.48245627355005,4.77007684472476,-0.2544497193062001,48.48323363865757
2010-06-10,-15.03717663052498,4.462453426950493,0.5277941344316546,47.46835544256376
2010-06-11,-13.769163995983167,4.095194430861226,1.325584765545286,47.38729656189573
2010-06-12,-11.714293781736167,3.6411219895620204,0.6564953711315504,47.96838905618374
2010-06-13,-10.259452425554253,4.610835944718771,0.6590763348627541,47.9554132506451
2010-06-14,-8.520939152977348,5.9464524519775885,-0.10841070940985253,47.384802937534744
2010-06-15,-8.608641309703236,5.952562049693254,0.20927857293713448,47.44040504616059
2010-06-16,-8.75610912883914,6.001555349178621,-1.32539570793398,47.09147816819379
2010-06-17,-9.97425212581554,7.9140144364100395,-2.4505938753458496,44.534587162452
2010-06-18,-8.450869100073417,7.130081592085335,-0.7107344359145737,44.30060708322285
2010-06-19,-9.124051303044112,5.368325717788657,-0.4128283232422261,44.96511237714379
2010-06-20,-8.136796581756716,5.8281340929389485,-0.4928269974977544,44.62085956589702
2010-06-21,-7.258615308266818,6.2484415180584305,-2.9438574357135883,44.715628233137664
2010-06-22,-8.022978891954482,6.427929842377177,-4.649393270461966,45.42470431266551
2010-06-23,-6.280288770588488,7.011505135180228,-5.091973584314155,44.267605245965676
2010-06-24,-7.530377744162592,6.371080257679891,-4.792280246147707,42.302778613178624
2010-06-25,-8.43460473621284,6.086872757233911,-5.229322169543259,41.091668305259844
2010-06-26,-8.565717929966915,6.990224517093628,-5.67843394720606,43.37094931644417
2010-06-27,-7.135078155656206,9.102356613085913,-4.7098512686394525,44.50073532062596
2010-06-28,-6.329928591144543,8.73751821125964,-5.365656101159161,45.41584559898897
2010-06-29,-5.696117720444044,8.224435716983582,-4.3020882684511585,45.786592607803236
2010-06-30,-7.129446949342971,6.3493191879689705,-5.8211948565559055,45.66141482976339
2010-07-01,-7.696306347167409,7.120894582997998,-6.574829525304446,44.92345347763522
2010-07-02,-6.8986558127445505,8.40998852435385,-6.835440671617406,44.481688867269746
2010-07-03,-6.433064121435832,8.134721261757957,-8.024295753773126,44.34333440803989
2010-07-04,-6.190113794372455,8.76525184798548,-7.446290552853424,45.39912245666155
2010-07-05,-7.160904590173515,9.721694973495257,-8.40563188276465,45.17327361176067
2010-07-06,-9.580371178055948,9.529126896208911,-8.829999397703519,46.119552518624886
2010-07-07,-8.591697217046896,9.88931853769027,-7.932828585094167,47.10757799651311
2010-07-08,-7.828068887090375,11.09443239735989,-10.036483879353066,48.88659384405585
2010-07-09,-7.280754889562133,9.991197865873499,-9.734242350909252,49.651698797917184
2010-07-10,-8.701233877844862,9.174433105471426,-10.38793853731848,50.01856082364749
2010-07-11,-8.306778276939998,8.371764356566974,-10.559071020975127,48.59018543461542
2010-07-12,-8.401892394795368,7.998612131345313,-11.840389483215803,47.00437278295721
2010-07-13,-9.505342214916437,9.04414354993349,-10.225313024117632,46.3563158258515
2010-07-14,-10.662985978538686,8.916498955706768,-9.177682459424684,44.424785511695724
2010-07-15,-10.927630232300519,6.846914251285247,-10.168034323758945,44.51070851606045
2010-07-16,-11.208301873298813,4.727889011044157,-11.396302326773531,43.14128385529607
2010-07-17,-8.499692274615619,6.7348787016609,-12.077944145249745,42.601175886455685
2010-07-18,-8.843744863335212,5.683663000345108,-10.660951130022205,43.84754634949457
2010-07-19,-11.357084057344803,6.080121739936549,-11.038934951080012,42.02406375556435
2010-07-20,-11.120901995577544,6.19969727366975,-12.698628464312797,40.58633663767841
2010-07-21,-11.224261986189797,7.481802057211011,-13.616157645031569,39.32706857873919
2010-07-22,-13.048070664429343,9.027451887556438,-12.270503379059463,39.66661879939449
2010-07-23,-11.608039866201443,10.789056595683796,-11.255701113989362,40.63336524664595
2010-07-24,-12.102209929835407,9.347318212271077,-10.826445440666205,41.46500774388089
2010-07-25,-13.23669355986402,7.89766076621374,-13.433694441865,42.272296409784495
2010-07-26,-12.566870051174877,8.233364758092183,-12.995398843310529,42.19888210997246
2010-07-27,-10.814602522337646,8.303450198660126,-14.304666016025314,43.44184558853009
2010-07-28,-11.364039366690394,9.772382089817903,-15.537425536372721,45.881700671011146
2010-07-29,-11.733351729710584,10.031027589683273,-16.208340926503354,46.716925066017595
2010-07-30,-12.055121294889293,10.703039627080026,-16.609750504400026,46.36451546138289
2010-07-31,-12.215842598427544,10.665470132216859,-14.57688812511916,45.86260948545117
2010-08-01,-12.799886677681743,11.488120242046103,-13.908357950589368,45.74204292116786
2010-08-02,-12.669793843923893,10.609202052563042,-10.749970281900076,45.32830074795574
2010-08-03,-12.711722441099134,11.465812679931108,-10.774418065619413,44.59265218381558
2010-08-04,-13.959494617346703,11.8745815076066,-10.719145865509985,45.07632319504657
2010-08-05,-15.650597825790694,12.930197199526896,-11.272083085378997,43.88801819734888
2010-08-06,-14.015482412431426,13.22578656901197,-12.04013777486055,44.079161135873626
2010-08-07,-14.768340277400995,13.41041680705801,-11.038250331181166,44.81640177599045
2010-08-08,-14.491972467961475,11.823287813449275,-7.666602670370972,45.59658965872366
2010-08-09,-15.064993793375635,12.9470405021147,-6.579165437134139,44.42342783638806
2010-08-10,-13.60406584249369,12.203296803692002,-6.336053719779809,44.12554350225268
2010-08-11,-13.089617222730565,10.506387216460286,-6.431494263221647,43.821698172764
2010-08-12,-12.583435641941623,8.717121701072353,-6.3519250076372495,43.58072036567829
2010-08-13,-13.82975705230587,9.002042965355049,-5.846589422047227,45.36356154829605
2010-08-14,-13.13778625387136,10.32853492251973,-5.358568756888676,44.513533303455034
2010-08-15,-12.790058537494955,9.677902199566336,-4.698734890736528,45.17095632327394
2010-08-16,-14.196215984554733,7.57348719345472,-3.8681181060274854,45.28688704667634
2010-08-17,-14.447830985499577,7.67408736909594,-6.163797284969425,45.77052966118983
2010-08-18,-13.265923186527509,7.528899230627933,-6.157399006491982,46.53695783175981
2010-08-19,-12.298545630657738,6.098352521358148,-6.59829536531106,45.2213442625827
2010-08-20,-14.227450757730065,6.5546574887120865,-7.735646352985436,45.93138482539045
2010-08-21,-13.895105071013443,6.554564480267495,-8.35565038188601,43.49257963270477
2010-08-22,-13.16310882906893,7.345208763411452,-5.907804611716836,43.718735530397
2010-08-23,-14.992175562736021,8.922147668199445,-5.312488801055391,41.30490635817587
2010-08-24,-14.401700027647928,8.78053600510832,-5.65909567301011,40.74636618442562
2010-08-25,-13.561567429767802,7.898779464093266,-5.191314854290276,40.49898838092686
2010-08-26,-13.562403900901955,7.368603571319965,-5.4440254620304875,42.47332244250959
2010-08-27,-13.229209753586328,7.862297766519988,-6.0428250055264225,42.5215078318574
2010-08-28,-14.075786245862817,7.268237793291861,-5.593184226637085,41.452549326818975
2010-08-29,-14.195879711115515,6.985785344392932,-7.289390793905161,41.99136778074145
2010-08-30,-14.470784026610135,5.637853117058455,-6.8290112042211675,43.81314296963425
2010-08-31,-12.599422004666462,4.875752057345595,-5.9548305026463035,45.23718792537616
2010-09-01,-12.494399241045112,4.9470988631398205,-7.885076207986906,44.49210973779029
2010-09-02,-14.319976826397737,3.779140158075748,-7.528237987196089,44.54331953845172
2010-09-03,-12.61927984885509,4.8868010000134445,-8.525831420287881,44.86249111267733
2010-09-04,-13.143409819987971,4.682070155892316,-8.797148582815305,45.78623083415843
2010-09-05,-13.359557109356725,6.193228666786863,-7.606117121004505,44.896357742800085
2010-09-06,-13.615746770485906,6.523309232794737,-7.155367373365154,43.85583368549265
2010-09-07,-13.611348596326597,5.9618816908367,-6.6286669238339515,43.30211800052385
2010-09-08,-12.886677761906823,6.614190781869189,-8.10576371601663,42.5164035467047
2010-09-09,-13.486339538755571,7.728736884140026,-6.192028407477765,42.655813427341336
2010-09-10,-13.072171019381535,6.217430585654993,-4.827190067522642,41.383563660131884
2010-09-11,-12.378637771273315,6.911885321541729,-5.079230100381673,42.47064340393944
2010-09-12,-11.494275636039887,6.591208026586695,-7.6721314653312,43.921529703120896
2010-09-13,-11.434341295533024,7.489727699860793,-8.01532236466336,43.49123744320196
2010-09-14,-11.551430869832101,6.147740997938231,-8.32109007454604,43.83035560549792
2010-09-15,-12.328044545266373,6.181195131260283,-7.721186701081184,43.84009703275617
2010-09-16,-10.084011037661133,6.07695276067834,-7.16901606325786,45.032131239412
2010-09-17,-11.17497599810157,3.9838103410704275,-6.520702778394553,45.52758361153091
2010-09-18,-9.964538841306265,3.1119428949837316,-4.709927470102781,45.704560789566116
2010-09-19,-8.7103604686368,4.3508884395363765,-5.801235552021894,47.78685662752439
2010-09-20,-9.12883175197894,4.135421929216705,-4.8414866872045685,48.02498735400012
2010-09-21,-9.368083324657515,4.419927687446768,-4.558938400661685,49.07720488031912
2010-09-22,-10.014377835931668,2.7022787961553068,-4.803391156293313,46.684994979795086
2010-09-23,-9.185442279348035,1.8274949929264177,-5.167532053353576,45.923046440744486
2010-09-24,-9.63161166079843,2.2711205629686355,-4.991919190512808,46.603193613039124
2010-09-25,-9.565540016719217,1.667151237896042,-6.1600308129607475,46.16843522000042
2010-09-26,-12.128680895210252,1.8548105766123029,-5.3372251929936505,46.76428806112683
2010-09-27,-11.108932656725498,3.2933964257565638,-3.6378861796930586,46.31263804635038
2010-09-28,-10.603599324741873,5.096383522391579,-3.9910248163847304,45.27942958147241
2010-09-29,-10.665907042536851,6.778208515812192,-7.230298534578893,46.855829736682686
2010-09-30,-9.489541011810095,7.711087503772791,-7.272777857990453,49.289051619530326
2010-10-01,-11.020027546376749,7.167570679610588,-6.390776771886857,48.94107085847244
2010-10-02,-11.521609137199473,7.712494425767201,-7.03103872078561,49.92070393192743
2010-10-03,-12.753116486824137,9.22660514394087,-8.9881667321089,50.95767853385601
2010-10-04,-13.289443887420774,11.069761741043695,-8.440828415251294,50.51458884309474
2010-10-05,-12.988307861597026,13.131219039170274,-9.116157434076813,51.50099615221142
2010-10-06,-12.880221286246261,14.296631676852172,-8.701952436739905,50.59411659885911
2010-10-07,-14.250882385938171,14.655459867992908,-8.147399585737135,48.77372989357804
2010-10-08,-14.308611620807183,13.408255781235649,-8.601608951118157,48.16829209131412
2010-10-09,-11.893202721160812,13.927135317322126,-9.235010505873433,48.17452026104635
2010-10-10,-10.597226156584489,12.90257866918406,-10.006158772342308,48.64830587946352
2010-10-11,-9.702137006442415,13.836729864563154,-10.236298905965814,49.04949898120251
2010-10-12,-11.168162136066838,13.699395382059803,-10.681331814070345,50.00532325039844
2010-10-13,-9.136803398543318,13.75600117122964,-9.060905352217622,50.28439364885062
2010-10-14,-8.565462288238264,13.386595661196386,-9.005567567395369,51.850046052459405
2010-10-15,-7.502324704220243,12.739231479141479,-8.848756235531248,52.02084793583787
2010-10-16,-8.436878881147543,12.100377851143167,-7.798211588984289,50.99179529381471
2010-10-17,-9.583988706754567,9.487340944950036,-8.040104713660421,50.43595818135096
2010-10-18,-9.96596704438332,11.409812506297998,-8.425118192157903,52.370031841621305
2010-10-19,-12.25769193592214,12.390588592530495,-8.300046743975688,52.09338365178179
2010-10-20,-11.736211290490008,12.801596420035128,-6.661969415494912,53.132155981170584
2010-10-21,-11.216848281516722,11.65827868038553,-7.549612799237392,51.36996538386616
2010-10-22,-10.564132459319316,10.525962541171015,-7.9712670241926435,52.36275519177345
2010-10-23,-10.895221428908242,11.085511557446322,-8.572206395221917,53.032777771856324
2010-10-24,-9.425870268629994,10.68062241411049,-9.762454490186373,52.8231355479917
2010-10-25,-8.65164626944751,11.453924968097228,-10.188877941491311,52.32283269424503
2010-10-26,-9.543309375648148,10.26497780987857,-10.725556847987491,51.3986930758955
2010-10-27,-9.808280541845196,11.190728454819581,-10.889880320195308,50.59202765407947
2010-10-28,-10.07150479118026,10.967688531419515,-10.704523350758702,49.62025399516859
2010-10-29,-11.309390537345845,11.494899101211296,-10.484952253095397,50.19227390197356
2010-10-30,-9.735906668191836,12.505096283491953,-10.694226603347198,48.369715944555466
2010-10-31,-9.343526123704105,14.079739751894383,-11.461214748181554,48.079245754895354
2010-11-01,-9.979737979613391,13.66570903806766,-11.962897908452181,46.87287622271661
2010-11-02,-9.615706810601406,14.588993059286702,-12.287694999751494,47.195730082905634
2010-11-03,-7.508729804107009,14.64128428955458,-11.775732206657386,47.87423247010017
2010-11-04,-6.569727234094989,16.480810727701048,-9.985568476910835,47.59281449310715
2010-11-05,-6.641682190018689,18.096609481630626,-11.458651738322613,47.45995888273778
2010-11-06,-6.099706952732857,18.74946881353252,-10.564164377504735,46.822274602791325
2010-11-07,-5.983960925222403,18.988230853929593,-9.218864295815655,46.387285415152576
2010-11-08,-8.090039547562114,18.727293195012383,-10.0342400024809,46.99539952735962
2010-11-09,-6.9754238440883745,19.52384278446236,-9.961822965071253,46.70378383909804
2010-11-10,-5.284995874805266,22.003172169877935,-9.146336068670967,46.306354674301126
2010-11-11,-4.973326992268276,22.035631327726477,-8.904074389665674,45.91534560455987
2010-11-12,-6.104000255343796,23.848678279522307,-9.14477893321471,44.85456328533263
2010-11-13,-6.157521255040458,25.160133564924017,-10.110472974657917,46.846006547318616
2010-11-14,-5.319314459562387,25.819962997343225,-8.941130068209254,46.97816525483248
2010-11-15,-5.920663367566181,25.45127422650759,-9.866645024346854,46.2389398169293
2010-11-16,-4.567663514571963,24.892886772305253,-6.333524678540661,45.770374049175224
2010-11-17,-5.232033100725247,24.048529685010394,-5.860778866752005,46.46701325826273
2010-11-18,-5.474442639936292,23.279913363785315,-5.482493191497174,45.948572191275915
2010-11-19,-5.732585340415305,24.531589063073337,-5.659530905049609,45.91443184801227
2010-11-20,-4.7357078379436945,25.512514538761867,-4.787532501815581,46.045458610380805
2010-11-21,-4.700843580346209,23.274607940264755,-5.526392548063701,44.31604860485971
2010-11-22,-3.8188239120364633,22.794342793795938,-4.158940720817373,44.4107384827332
2010-11-23,-4.684816676607515,23.170308476619336,-5.2792740789719925,42.5659186815236
2010-11-24,-4.854824709641374,23.08098453239139,-5.556227311391455,43.4528771801036
2010-11-25,-5.940606090048842,21.44878472108028,-6.532633005823719,43.04531498315358
2010-11-26,-7.806653233114111,23.098297418341968,-7.36739833377799,44.53487894783331
2010-11-27,-9.153298241377376,24.31633384459567,-7.702212223245542,44.970534407944015
2010-11-28,-9.424739712467554,25.12353708736277,-8.42886024806975,45.991699585835086
2010-11-29,-9.537698318880583,23.990526978720137,-8.725195052420158,47.10832559558623
2010-11-30,-9.861026168309957,24.292078274044147,-9.988256453409901,48.28100129535235
2010-12-01,-11.776061214585042,24.247359905642767,-10.374902244186007,48.550752682071554
2010-12-02,-12.48931080707929,22.93815242787303,-9.685791586924427,49.30534471038298
2010-12-03,-11.344250138841636,22.17597729399934,-9.978484460903502,49.94170107011712
2010-12-04,-11.734512499031663,23.602124549833317,-9.12324235592392,49.14551513408538
2010-12-05,-11.80384590482322,24.556147832783,-10.656107483775,48.6772733834677
2010-12-06,-12.425575130558457,23.90585071651122,-10.335425100731136,49.1218647431092
2010-12-07,-12.392988435204032,25.066411919566573,-12.538827815082792,48.928284957375894
2010-12-08,-13.010232452437197,24.11625686497493,-11.020846102987536,47.92132305321277
2010-12-09,-12.432288539765675,23.454805957135612,-10.684112150078764,48.586571334887424
2010-12-10,-15.024048687156109,22.277072709968575,-10.742771981231288,48.1668477404862
2010-12-11,-13.428905316004277,21.012734936993688,-11.169140277211891,48.00093868521994
2010-12-12,-12.470710531471832,20.85637330107333,-11.04592704382826,48.54739403809767
2010-12-13,-13.029187826113443,20.059119664793123,-10.42404477748396,48.82290658228891
2010-12-14,-11.679823487355659,19.534219987210058,-10.46399835631391,49.173806228015145
2010-12-15,-12.18613467063564,19.25816587563115,-9.360047264738002,49.398737660100096
2010-12-16,-12.227981259784615,19.088901249366558,-9.395789576223752,50.99204002431867
2010-12-17,-12.109040876053518,17.498644173396002,-9.741635582031861,50.963799594599635
2010-12-18,-12.76485329049041,17.83614051184736,-9.702670952848369,50.6849891947664
2010-12-19,-12.63042183263552,17.073540080582315,-9.826255596862076,51.131636135356565
2010-12-20,-12.881709335528896,16.801516313095306,-9.265984293076746,53.13217010869357
2010-12-21,-12.721070541631322,16.427294868401006,-8.888185579695612,50.75011356447263
2010-12-22,-12.689748559744155,17.46160187830506,-10.269956003115384,50.64123852694265
2010-12-23,-14.08206229426572,16.523243785672562,-10.394204373357866,50.466015452565294
2010-12-24,-16.435257779655114,15.353212604232363,-9.675295653250835,50.16173370081219
2010-12-25,-15.646049852923955,15.293696420695252,-10.996706400249298,50.68451584853713
2010-12-26,-14.56951123208373,13.808476057918202,-9.540646091691869,52.180844166420925
2010-12-27,-15.450243315049248,13.96961294221708,-9.725584494163561,50.66924500074382
2010-12-28,-15.633372271286756,12.877516524758152,-9.320131618185538,50.67575749903107
2010-12-29,-16.177632752291565,12.550427390207728,-9.503522060123094,52.79086015651105
2010-12-30,-17.268189772256573,14.376625800798065,-9.312319555367166,54.19853070328645
2010-12-31,-15.534328412278434,16.04154015589502,-8.458141806286896,52.91877573413154
2011-01-01,-14.735833158813264,16.366111825742028,-10.437604838003809,51.55021547206938
2011-01-02,-14.555327189310917,16.268848582329596,-12.458021815412135,50.637313393935706
2011-01-03,-14.124828138523267,16.0336782306607,-12.458544907486235,50.58251354715445
2011-01-04,-15.381248654929697,15.383137197015158,-11.683782416595424,48.61572727870997
2011-01-05,-15.771842124134075,15.535891814514638,-11.506686143806727,47.77945592942024
2011-01-06,-15.671857936688,14.40867305532342,-12.686478202190228,45.56443031643183
2011-01-07,-15.444529559787089,13.940491801881068,-12.74250632222642,45.8595951712791
2011-01-08,-15.7459614796041,13.64976697499197,-12.68904272619567,44.79383327772151
2011-01-09,-16.86844675960995,14.250100755705136,-12.459531209564048,44.906166081779624
2011-01-10,-16.761484039221003,14.594668751922875,-12.497205127723133,43.408659808743494
2011-01-11,-16.700451653677476,14.368927986017333,-12.336821859747815,42.786564858614234
2011-01-12,-16.863352594273618,12.685690340747191,-12.246543619965122,42.92158004591042
2011-01-13,-16.26487005976475,13.028749660911211,-11.249290065841791,42.82653019330881
2011-01-14,-16.87259333320053,12.198505599716082,-12.257637503733005,42.73207550847877
2011-01-15,-17.378555756415548,11.053998189705613,-13.170163188609715,43.146481308622704
2011-01-16,-17.917622445895336,11.55123105510978,-13.18649646549775,40.93326896035306
2011-01-17,-17.586788143199634,10.696192816798863,-13.06197668862125,38.67035026206925
2011-01-18,-17.38099824883609,11.429415830096218,-12.876703764888271,38.8552469238801
2011-01-19,-18.674510566943358,12.949808250751499,-12.112799491817887,38.33086684773679
2011-01-20,-17.790063534901115,13.638861251712893,-12.031643112964847,37.7762514680072
2011-01-21,-18.10262742389053,11.38487934849268,-12.61598218624916,38.31851374254523
2011-01-22,-18.46602050474,12.73282013226603,-10.82747086451373,37.51623259807247
2011-01-23,-19.359543050247662,11.403318479346648,-11.118856243909134,38.00387256441163
2011-01-24,-18.865182767031335,11.333065617168645,-9.752149227466406,36.879848416110356
2011-01-25,-18.5471892706825,12.793396465012664,-9.087313093656554,35.37020695439942
2011-01-26,-19.007844621455757,14.166909511049509,-9.003026596979733,36.27305277756413
2011-01-27,-17.966074316428152,14.019217385205604,-6.9403755239408955,36.64499195599396
2011-01-28,-16.479489024717065,14.383151218766816,-6.676425451332216,37.584849278004214
2011-01-29,-14.962701189906046,16.175930346532944,-6.404618446894936,39.57281843782442
2011-01-30,-15.418415630386995,15.073630271220832,-7.078499561171551,39.38569607491966
2011-01-31,-14.870841432356926,13.446226937018004,-5.926006351783306,38.88019882333632
2011-02-01,-14.627928139384963,13.876457533272866,-6.544165166850674,38.27012626809894
2011-02-02,-13.820485129610105,13.566724882821902,-3.984733359811473,39.28666979960531
2011-02-03,-14.821755740664187,13.380472538550091,-6.647021450444016,37.46032073226662
2011-02-04,-15.616084541910066,12.007985091044997,-8.163369376533286,37.459812232480964
2011-02-05,-15.80333546889327,13.701535113892383,-9.161772944593611,37.93470706592039
2011-02-06,-15.460665347851952,13.653829359381223,-8.649414450282384,37.08318684352554
2011-02-07,-17.25736031202447,12.410625392406041,-8.877464884203382,38.43598174936314
2011-02-08,-17.902494347471507,11.158428809959117,-8.98937927609786,36.82343674523673
2011-02-09,-17.64599298839875,11.597316430384264,-8.970797094052953,38.32695096359205
2011-02-10,-19.369200108300067,12.251038137384844,-9.276776812368615,39.32200828252219
2011-02-11,-21.238261459048907,10.417029270129689,-8.95045403452763,39.1754164935474
2011-02-12,-21.32669419167116,8.892863160060745,-10.536559598924388,39.46226721990866
2011-02-13,-20.168007028632942,8.657961795504155,-9.942343880650936,40.14805497989017
2011-02-14,-20.597590461277633,7.64371949690172,-10.04852206462224,41.39657256810552
2011-02-15,-20.18815580546209,7.304720632274577,-10.313272496999637,39.41818858694279
2011-02-16,-20.28645542273516,6.882203665614856,-10.462016508771288,39.785501690782716
2011-02-17,-21.616059969544988,5.424730845339019,-12.242712242835887,39.59828810313639
2011-02-18,-23.237964730123267,8.24930510607779,-12.232957228122453,38.24416622750309
2011-02-19,-23.062006164837126,7.021346900425063,-13.233436430648265,38.9161662685724
2011-02-20,-22.4945221066495,7.575948438864615,-13.494955038493258,39.80289091979985
2011-02-21,-23.06669053003714,7.964029686160692,-12.868233280399885,39.86014567506253
2011-02-22,-22.61925608440624,7.247088991615382,-11.958379637668493,39.16546210846759
2011-02-23,-22.585525321992964,7.484108767830683,-12.997669722102188,39.90532422038714
2011-02-24,-21.807370821637328,7.7710414285321265,-13.252824406171412,39.669447347028175
2011-02-25,-21.36548923966643,7.795767944802637,-13.518617433774834,39.525483557774365
2011-02-26,-21.54740950824869,8.927347309550992,-14.508888245479987,40.72259470117991
2011-02-27,-22.322343685684807,9.475141920777189,-13.533066690073026,42.015320011032514
2011-02-28,-21.15550868201654,10.762480307217706,-13.311237551921685,41.55365437042373
2011-03-01,-20.65589464441167,12.024323195207685,-13.645369997535786,39.83634347409899
2011-03-02,-19.986995408735776,12.419266312161627,-15.121895093822154,39.357318882026554
2011-03-03,-20.15398944075885,11.655586458972177,-15.428426029066188,39.59444898753528
2011-03-04,-21.536163665185427,10.55695927372149,-15.203051108177695,39.781681738872244
2011-03-05,-22.9906410212764,10.382207344994473,-15.279082579544,39.19408589030587
2011-03-06,-23.78978509031596,10.506317294082908,-16.035688453352606,38.26931888234816
2011-03-07,-24.28637878026903,10.138258265945506,-16.734924331401004,38.52795393732401
2011-03-08,-23.24228015207251,9.874416251981199,-18.83888692269549,38.96123254834542
2011-03-09,-24.21070973749599,9.274877071241157,-20.145879801108798,39.103713478788436
2011-03-10,-22.912318722656515,9.337245995072603,-21.652786725161345,39.6421521613996
2011-03-11,-24.90936048535608,9.13521362062302,-22.148818798120633,40.762483940079356
2011-03-12,-25.22552029209842,10.858938322477364,-22.27614647603313,40.935624717692974
2011-03-13,-27.23444354749851,11.294552521033715,-21.67389861316679,38.92316720827451
2011-03-14,-27.34339863469642,12.713535855189047,-21.420602388521065,38.268112159535704
2011-03-15,-27.339375072547362,12.194946256617524,-20.407642717817065,38.90109219925409
2011-03-16,-27.78437314616377,10.867338222486822,-19.10656827734134,39.275729487350276
2011-03-17,-25.770490234549744,10.352107056493653,-19.77476735863768,39.142664261452694
2011-03-18,-26.82417425146597,10.851637887876846,-21.199482569201816,39.74656222270453
2011-03-19,-27.488908161994914,12.148261885164748,-20.53707396118887,40.135642065979276
2011-03-20,-26.718559449099484,11.338636261387421,-21.716185461553856,40.88650024532158
2011-03-21,-26.064591710875824,11.292809279066297,-21.675695417161116,40.660080025993224
2011-03-22,-26.546404673794008,12.631487331307724,-20.53424113890084,39.487616790627804
2011-03-23,-26.866397303581603,14.342537756419238,-21.967656359033374,39.10488390850087
2011-03-24,-24.07107905457962,13.918916442890797,-21.774306496668714,38.444359056659486
2011-03-25,-23.84673091420818,14.727610013807649,-23.958756884565418,38.4670581255008
2011-03-26,-22.938981332957514,15.782852753093579,-24.33274990631991,40.5396250186303
2011-03-27,-23.02475824911265,14.02120757789093,-24.17341619475358,39.77261875303462
2011-03-28,-22.74789348775171,13.771784218348428,-24.0764617213423,41.64404625323467
2011-03-29,-21.847603330125967,13.03734762574062,-24.814583335523658,42.98312812366149
2011-03-30,-21.102927105917676,13.115905319551329,-23.393632559976343,41.81873118804821
2011-03-31,-23.271150804429276,11.742793139602492,-23.29231467631449,41.64632260882895
2011-04-01,-23.168322680843062,11.63500683849229,-23.14072284729992,40.99949325308422
2011-04-02,-23.40341578558688,11.790520184105548,-23.360682712583,42.279691641048565
2011-04-03,-23.401324708573163,11.948645781676456,-23.512682799759602,42.98547034088088
2011-04-04,-23.308197154617254,12.371519518419868,-23.73681418908128,43.45570742198336
2011-04-05,-21.25252431178607,13.257126982820576,-23.15882484788396,42.70996321034271
2011-04-06,-21.917096224220906,11.606822300143294,-23.732137818012777,42.0022339476426
2011-04-07,-19.208346151262784,11.732354332911411,-23.516363055043225,40.77747722239993
2011-04-08,-18.58920750148227,10.35047640545309,-25.049650718865333,40.376311145674045
2011-04-09,-17.37080998397862,11.009985999822383,-26.375652201602932,40.329441007026865
2011-04-10,-17.288273269236594,12.180414523385195,-26.256314410916037,42.43766042662447
2011-04-11,-18.18421490578851,12.839183726923292,-28.125581688043482,42.659927917515674
2011-04-12,-17.401598495083363,11.798957214875847,-27.909377626434715,42.35501064901437
2011-04-13,-16.808141179673676,11.203390625022758,-28.537026881158226,42.95667263263646
2011-04-14,-15.282021431286257,11.4370007727486,-30.05740903789406,41.87755202039348
2011-04-15,-17.049915780817532,11.67365508021812,-28.151819365150345,42.29828631509426
2011-04-16,-15.43055502365123,13.147598611843506,-28.226822518235817,43.62778004174881
2011-04-17,-16.893056561549944,13.435637952647909,-27.404945049293413,44.600179672157466
2011-04-18,-17.38216042108594,12.38515410181413,-28.56384956686404,47.079785708891
2011-04-19,-16.896748196990366,11.566204424422912,-27.75025486465701,48.59191192097399
2011-04-20,-17.76230191405487,11.993670847714583,-28.9520408829332,49.496626476321566
2011-04-21,-17.46055837156203,11.725653054180025,-28.33913901887318,49.64632496099583
2011-04-22,-16.952703490340276,12.465216062299232,-28.516421083941438,49.430232983658
2011-04-23,-16.774993061202988,11.837802973791987,-29.919073224966848,51.05447508999986
2011-04-24,-18.378700370202868,12.435678032110665,-30.26711707883541,51.79803367895011
2011-04-25,-18.273546895921665,10.928583118220843,-29.870147492218713,52.387124663405636
2011-04-26,-19.31493156574285,8.927601513353977,-30.736862488200547,52.63466422845508
2011-04-27,-21.434106720928767,8.508350551452299,-29.03609790079338,50.805928982378646
2011-04-28,-21.17170729432192,9.176773032597325,-28.18904435906592,51.190589783377774
2011-04-29,-21.73813099145518,9.618885078962798,-29.24019292567999,51.74858063892396
2011-04-30,-19.98654292415739,9.571711283369968,-27.44968972910208,50.711224525035945
2011-05-01,-21.163596343537478,9.25663281743563,-26.192634633826046,52.189697832785384
2011-05-02,-19.58544977615224,11.012011246595712,-26.659350349857554,52.92657092684781
2011-05-03,-20.120370841185387,11.447926849445656,-26.18589950077647,52.18951187261181
2011-05-04,-20.45105822975041,11.219075894234397,-26.840932077567537,52.40060980954368
